{
  "avg_e2e_latency_ms": 2420.60907686,
  "avg_producer_latency_ms": 2.088992210001561,
  "broker_metrics": {
    "active_consumers": 0,
    "active_groups": 0,
    "committed_offsets": {},
    "dead_consumers_detected": 0,
    "messages_stored": 10000,
    "partition_offsets": {
      "benchmark-baseline": {
        "0": 2475,
        "1": 2484,
        "2": 2542,
        "3": 2499
      }
    },
    "partitions": 4,
    "status": "success",
    "topics": 1
  },
  "consumer_lag": 2542,
  "duration_seconds": 30.303241900000103,
  "max_e2e_latency_ms": 5010.5285,
  "max_producer_latency_ms": 25.3208000003724,
  "messages_consumed": 10000,
  "messages_produced": 10000,
  "p50_e2e_latency_ms": 2399.6572,
  "p50_producer_latency_ms": 1.9536999998308602,
  "p95_e2e_latency_ms": 4540.407,
  "p95_producer_latency_ms": 2.4951999994300422,
  "p99_e2e_latency_ms": 4773.0264,
  "p99_producer_latency_ms": 6.467100000008941,
  "partition_counts": {
    "0": 2475,
    "1": 2484,
    "2": 2542,
    "3": 2499
  },
  "throughput": 329.99769572508893
}