{
  "avg_e2e_latency_ms": 117321.04642046912,
  "avg_producer_latency_ms": 11.893520429998734,
  "broker_metrics": {
    "active_consumers": 0,
    "active_groups": 0,
    "committed_offsets": {},
    "dead_consumers_detected": 10,
    "messages_stored": 260000,
    "partition_offsets": {
      "benchmark-baseline": {
        "0": 2475,
        "1": 2484,
        "2": 2542,
        "3": 2499
      },
      "benchmark-high_concurrency": {
        "0": 6272,
        "1": 6324,
        "10": 6300,
        "11": 6272,
        "12": 6270,
        "13": 6149,
        "14": 6267,
        "15": 6234,
        "2": 6199,
        "3": 6212,
        "4": 6296,
        "5": 6266,
        "6": 6299,
        "7": 6065,
        "8": 6240,
        "9": 6335
      },
      "benchmark-moderate": {
        "0": 6216,
        "1": 6212,
        "2": 6220,
        "3": 6091,
        "4": 6358,
        "5": 6203,
        "6": 6267,
        "7": 6433
      },
      "benchmark-partition_stress": {
        "0": 6333,
        "1": 6231,
        "10": 6185,
        "11": 6358,
        "12": 6347,
        "13": 6207,
        "14": 6269,
        "15": 6235,
        "2": 6287,
        "3": 6130,
        "4": 6228,
        "5": 6215,
        "6": 6208,
        "7": 6313,
        "8": 6330,
        "9": 6124
      }
    },
    "partitions": 44,
    "status": "success",
    "topics": 4
  },
  "consumer_lag": 6358,
  "duration_seconds": 299.0679207000003,
  "max_e2e_latency_ms": 234534.8889,
  "max_producer_latency_ms": 262.5439000003098,
  "messages_consumed": 100825,
  "messages_produced": 100000,
  "p50_e2e_latency_ms": 117845.9068,
  "p50_producer_latency_ms": 9.326400000645663,
  "p95_e2e_latency_ms": 197199.3105,
  "p95_producer_latency_ms": 26.478400000087277,
  "p99_e2e_latency_ms": 211971.5587,
  "p99_producer_latency_ms": 44.039299999894865,
  "partition_counts": {
    "0": 6333,
    "1": 6231,
    "2": 6287,
    "3": 6130,
    "4": 6228,
    "5": 6215,
    "6": 6208,
    "7": 6313,
    "8": 6330,
    "9": 6124,
    "10": 6185,
    "11": 6358,
    "12": 6347,
    "13": 6207,
    "14": 6269,
    "15": 6235
  },
  "throughput": 334.372204701659
}